CalibBP,F14C,sigma
-59.62,1.057,0.0039
-59.53,1.058,0.0065
-59.45,1.0466,0.0038
-59.37,1.0487,0.0037
-58.62,1.0589,0.0036
-58.53,1.0593,0.0036
-58.45,1.0529,0.0036
-58.37,1.0496,0.005
-57.95,1.0538,0.0056
-57.87,1.057,0.0016
-57.79,1.0586,0.0019
-57.7,1.0593,0.002
-57.62,1.0597,0.0013
-57.53,1.0616,0.0017
-57.45,1.0571,0.0046
-57.37,1.0587,0.0019
-57.28,1.0581,0.0022
-57.2,1.0591,0.0042
-57.12,1.0622,0.004
-57.04,1.0579,0.0021
-56.95,1.061,0.0014
-56.87,1.0651,0.0023
-56.79,1.0649,0.0016
-56.7,1.0648,0.0019
-56.62,1.064,0.0028
-56.53,1.0638,0.0009
-56.45,1.0652,0.003
-56.37,1.0635,0.0039
-56.28,1.0623,0.0051
-56.2,1.061,0.0029
-56.12,1.0629,0.0044
-56.04,1.063,0.0014
-55.95,1.0639,0.0038
-55.87,1.0656,0.0024
-55.79,1.0675,0.0019
-55.7,1.0681,0.0028
-55.62,1.0675,0.0019
-55.53,1.0672,0.0026
-55.45,1.0619,0.0027
-55.37,1.0648,0.0036
-55.28,1.0642,0.0035
-55.2,1.0671,0.0021
-55.12,1.0692,0.0013
-55.04,1.0686,0.0027
-54.95,1.0709,0.0026
-54.87,1.0706,0.0033
-54.79,1.0709,0.002
-54.7,1.073,0.0017
-54.62,1.074,0.0014
-54.53,1.0715,0.0029
-54.45,1.0717,0.0013
-54.37,1.0714,0.0026
-54.28,1.0726,0.0026
-54.2,1.0734,0.0042
-54.12,1.073,0.0028
-54.04,1.0742,0.0048
-53.95,1.0742,0.0017
-53.87,1.0737,0.0018
-53.79,1.0774,0.0026
-53.7,1.0775,0.0023
-53.62,1.0754,0.0029
-53.53,1.0781,0.0036
-53.45,1.0769,0.0015
-53.37,1.0751,0.0051
-53.28,1.0748,0.0021
-53.2,1.0751,0.0038
-53.12,1.0739,0.0042
-53.04,1.0779,0.0046
-52.95,1.0773,0.0029
-52.87,1.0806,0.004
-52.79,1.0808,0.003
-52.7,1.0826,0.0031
-52.62,1.0819,0.0032
-52.53,1.0835,0.0015
-52.45,1.0822,0.0025
-52.37,1.0794,0.0032
-52.28,1.0803,0.0044
-52.2,1.0809,0.0036
-52.12,1.0828,0.0024
-52.04,1.0836,0.0031
-51.95,1.0848,0.0025
-51.87,1.0878,0.002
-51.79,1.088,0.0038
-51.7,1.0891,0.0014
-51.62,1.0888,0.0024
-51.53,1.09,0.0019
-51.45,1.0857,0.0024
-51.37,1.0844,0.0041
-51.28,1.0825,0.0017
-51.2,1.0855,0.0023
-51.12,1.0856,0.0035
-51.04,1.0899,0.0026
-50.95,1.0918,0.0016
-50.87,1.0918,0.0016
-50.79,1.0928,0.0009
-50.7,1.093,0.002
-50.62,1.0941,0.0042
-50.53,1.0941,0.0028
-50.45,1.0928,0.0038
-50.37,1.0926,0.0023
-50.28,1.0913,0.0011
-50.2,1.093,0.0022
-50.12,1.095,0.0023
-50.04,1.0972,0.0036
-49.95,1.0968,0.0025
-49.87,1.0999,0.0038
-49.79,1.103,0.0026
-49.7,1.1012,0.002
-49.62,1.099,0.0024
-49.53,1.1016,0.0029
-49.45,1.099,0.0026
-49.37,1.0973,0.0047
-49.28,1.0984,0.0037
-49.2,1.0989,0.005
-49.12,1.1023,0.0049
-49.04,1.0987,0.0031
-48.95,1.1042,0.002
-48.87,1.1011,0.0029
-48.79,1.1031,0.0016
-48.7,1.1047,0.0038
-48.62,1.1063,0.0023
-48.53,1.1036,0.0042
-48.45,1.1045,0.0019
-48.37,1.1013,0.0037
-48.28,1.1013,0.0018
-48.2,1.1021,0.0017
-48.12,1.1045,0.0009
-48.04,1.1069,0.0014
-47.95,1.1062,0.0027
-47.87,1.1037,0.0015
-47.79,1.107,0.0027
-47.7,1.1073,0.002
-47.62,1.1084,0.0016
-47.53,1.1065,0.0019
-47.45,1.1074,0.002
-47.37,1.1089,0.0014
-47.28,1.1044,0.0043
-47.2,1.1116,0.0018
-47.12,1.1081,0.0029
-47.04,1.1073,0.0012
-46.95,1.1097,0.0014
-46.87,1.1124,0.0015
-46.79,1.1121,0.0023
-46.7,1.1116,0.0013
-46.62,1.1115,0.0034
-46.53,1.1139,0.0019
-46.45,1.113,0.0035
-46.37,1.1115,0.0039
-46.28,1.1094,0.0017
-46.2,1.1118,0.0058
-46.12,1.1106,0.0056
-46.04,1.114,0.003
-45.95,1.1168,0.0049
-45.87,1.1171,0.0033
-45.79,1.1191,0.0055
-45.7,1.1199,0.008
-45.62,1.1184,0.0054
-45.53,1.1208,0.0018
-45.45,1.1186,0.001
-45.37,1.1207,0.0013
-45.28,1.1176,0.0041
-45.2,1.1207,0.0019
-45.12,1.1211,0.0013
-45.04,1.1238,0.003
-44.95,1.1222,0.0048
-44.87,1.1259,0.002
-44.79,1.1239,0.0047
-44.7,1.1271,0.002
-44.62,1.1243,0.0016
-44.53,1.1273,0.0042
-44.45,1.1262,0.0052
-44.37,1.1248,0.0038
-44.28,1.1215,0.0036
-44.2,1.1263,0.0013
-44.12,1.1215,0.0017
-44.04,1.1265,0.0049
-43.95,1.1271,0.0049
-43.87,1.127,0.0079
-43.79,1.1309,0.0019
-43.7,1.132,0.0015
-43.62,1.1307,0.0013
-43.53,1.1317,0.0054
-43.45,1.1331,0.0012
-43.37,1.1347,0.0031
-43.28,1.1309,0.0013
-43.2,1.1314,0.0051
-43.12,1.1343,0.004
-43.04,1.1364,0.0035
-42.95,1.1364,0.0035
-42.87,1.1403,0.0021
-42.79,1.1397,0.0025
-42.7,1.1419,0.0023
-42.62,1.1423,0.0033
-42.53,1.1406,0.0017
-42.45,1.1418,0.0027
-42.37,1.1405,0.0051
-42.28,1.1402,0.0048
-42.2,1.1393,0.008
-42.12,1.1361,0.0056
-42.04,1.1415,0.0039
-41.95,1.1456,0.0051
-41.87,1.144,0.0029
-41.79,1.1426,0.0039
-41.7,1.1511,0.0052
-41.62,1.1493,0.005
-41.53,1.1471,0.0033
-41.45,1.1484,0.0044
-41.37,1.1447,0.0036
-41.28,1.1448,0.0036
-41.2,1.1433,0.0053
-41.12,1.1457,0.0037
-41.04,1.1469,0.002
-40.95,1.1471,0.0058
-40.87,1.1521,0.0089
-40.79,1.1586,0.004
-40.7,1.1582,0.004
-40.62,1.1548,0.005
-40.53,1.1582,0.0052
-40.45,1.1587,0.0035
-40.37,1.153,0.0036
-40.28,1.1537,0.0024
-40.2,1.1575,0.0025
-40.12,1.1606,0.0034
-40.04,1.1622,0.0036
-39.95,1.1606,0.0063
-39.87,1.1636,0.005
-39.79,1.1672,0.0049
-39.7,1.1678,0.0017
-39.62,1.1695,0.0042
-39.53,1.1659,0.0079
-39.45,1.1689,0.0021
-39.37,1.1688,0.0041
-39.28,1.1647,0.0034
-39.2,1.1683,0.0018
-39.12,1.1722,0.0037
-39.04,1.1748,0.0015
-38.95,1.1711,0.0042
-38.87,1.1667,0.005
-38.79,1.177,0.0038
-38.7,1.1755,0.0047
-38.62,1.1806,0.0058
-38.53,1.179,0.0057
-38.45,1.1779,0.0025
-38.37,1.1745,0.0045
-38.28,1.1731,0.0027
-38.2,1.1789,0.002
-38.12,1.1757,0.0023
-38.04,1.1828,0.0017
-37.95,1.1798,0.0094
-37.87,1.1822,0.0046
-37.79,1.1844,0.0027
-37.7,1.191,0.0027
-37.62,1.1917,0.0032
-37.53,1.1916,0.0037
-37.45,1.1889,0.0047
-37.37,1.1888,0.0056
-37.28,1.1845,0.0087
-37.2,1.18,0.0075
-37.12,1.1875,0.011
-37.04,1.188,0.0036
-36.95,1.1864,0.0036
-36.87,1.1919,0.0034
-36.79,1.1954,0.0041
-36.7,1.1965,0.0064
-36.62,1.1972,0.0026
-36.53,1.1952,0.0035
-36.45,1.1931,0.0058
-36.37,1.1941,0.0063
-36.28,1.1907,0.0128
-36.2,1.198,0.0058
-36.12,1.1998,0.0107
-36.04,1.2011,0.006
-35.95,1.1983,0.0084
-35.87,1.1913,0.0142
-35.79,1.199,0.0061
-35.7,1.2116,0.0064
-35.62,1.2127,0.0028
-35.53,1.2131,0.0058
-35.45,1.2103,0.0029
-35.37,1.2071,0.0048
-35.28,1.2057,0.005
-35.2,1.208,0.01
-35.12,1.2022,0.0089
-35.04,1.2047,0.0105
-34.95,1.2215,0.0214
-34.87,1.2133,0.0061
-34.79,1.2175,0.0016
-34.7,1.219,0.0048
-34.62,1.2171,0.0062
-34.53,1.2167,0.0066
-34.45,1.2194,0.0013
-34.37,1.215,0.0064
-34.28,1.2138,0.004
-34.2,1.2116,0.0071
-34.12,1.2171,0.0131
-34.04,1.2265,0.0123
-33.95,1.221,0.0092
-33.87,1.2215,0.006
-33.79,1.2309,0.0055
-33.7,1.2346,0.0043
-33.62,1.2368,0.0053
-33.53,1.236,0.006
-33.45,1.2378,0.0061
-33.37,1.2291,0.0072
-33.28,1.2315,0.0052
-33.2,1.2367,0.003
-33.12,1.2296,0.003
-33.04,1.2313,0.0097
-32.95,1.2365,0.005
-32.87,1.2371,0.0079
-32.79,1.2432,0.0063
-32.7,1.2433,0.0026
-32.62,1.2455,0.0047
-32.53,1.2411,0.0092
-32.45,1.2441,0.0065
-32.37,1.2475,0.0065
-32.28,1.2432,0.008
-32.2,1.2432,0.0061
-32.12,1.2473,0.0026
-32.04,1.2514,0.0018
-31.95,1.2596,0.0128
-31.87,1.2488,0.004
-31.79,1.2689,0.004
-31.7,1.2589,0.0067
-31.62,1.2598,0.0082
-31.53,1.2638,0.0107
-31.45,1.2677,0.0074
-31.37,1.2579,0.0077
-31.28,1.2528,0.0049
-31.2,1.2532,0.0052
-31.12,1.2663,0.0082
-31.04,1.2554,0.0081
-30.95,1.2579,0.0076
-30.87,1.2624,0.0055
-30.79,1.2697,0.0103
-30.7,1.2736,0.0125
-30.62,1.2728,0.0046
-30.53,1.2811,0.0051
-30.45,1.2747,0.0067
-30.37,1.2685,0.0092
-30.28,1.2694,0.0098
-30.2,1.2625,0.0124
-30.12,1.271,0.0097
-30.04,1.2751,0.0056
-29.95,1.2761,0.0103
-29.87,1.2905,0.0082
-29.79,1.2927,0.0073
-29.7,1.2939,0.0097
-29.62,1.3038,0.0044
-29.53,1.2916,0.0106
-29.45,1.2945,0.0087
-29.37,1.2975,0.0117
-29.28,1.2992,0.0089
-29.2,1.2994,0.0074
-29.12,1.3036,0.006
-29.04,1.309,0.0026
-28.95,1.3185,0.0048
-28.87,1.3213,0.0093
-28.79,1.3186,0.0128
-28.7,1.3212,0.014
-28.62,1.3273,0.0179
-28.53,1.3307,0.0102
-28.45,1.3371,0.0048
-28.37,1.3267,0.0048
-28.28,1.3271,0.0029
-28.2,1.3254,0.005
-28.12,1.3261,0.0059
-28.04,1.3199,0.0081
-27.95,1.3165,0.0025
-27.87,1.3278,0.0076
-27.79,1.333,0.0072
-27.7,1.3371,0.0092
-27.62,1.3379,0.0043
-27.53,1.3443,0.0111
-27.45,1.3391,0.0088
-27.37,1.3361,0.008
-27.28,1.3349,0.0044
-27.2,1.3385,0.0061
-27.12,1.3336,0.0101
-27.04,1.3363,0.0088
-26.95,1.3339,0.0154
-26.87,1.3509,0.0043
-26.79,1.3392,0.01
-26.7,1.3533,0.0053
-26.62,1.3507,0.0085
-26.53,1.3615,0.0051
-26.45,1.3558,0.0127
-26.37,1.3484,0.0026
-26.28,1.346,0.0073
-26.2,1.3444,0.0233
-26.12,1.3631,0.0063
-26.04,1.3638,0.0065
-25.95,1.377,0.0048
-25.87,1.3734,0.0046
-25.79,1.3963,0.014
-25.7,1.3973,0.011
-25.62,1.3863,0.015
-25.53,1.4073,0.012
-25.45,1.3981,0.008
-25.37,1.3816,0.0189
-25.28,1.381,0.0151
-25.2,1.3684,0.0165
-25.12,1.3804,0.0205
-25.04,1.3788,0.0216
-24.95,1.377,0.0208
-24.87,1.4005,0.0263
-24.79,1.4127,0.0148
-24.7,1.4051,0.0191
-24.62,1.4304,0.009
-24.53,1.4193,0.009
-24.45,1.4259,0.007
-24.37,1.4227,0.007
-24.28,1.4198,0.009
-24.2,1.4223,0.009
-24.12,1.4142,0.014
-24.04,1.4262,0.011
-23.95,1.4038,0.0047
-23.87,1.4428,0.0056
-23.79,1.4422,0.0034
-23.7,1.451,0.0239
-23.62,1.4552,0.0276
-23.53,1.4339,0.0211
-23.45,1.4516,0.0081
-23.37,1.426,0.0259
-23.28,1.438,0.0133
-23.2,1.4381,0.0145
-23.12,1.4438,0.007
-23.04,1.439,0.0163
-22.95,1.4694,0.012
-22.87,1.4794,0.009
-22.79,1.4639,0.0039
-22.7,1.4753,0.012
-22.62,1.4611,0.0115
-22.53,1.4796,0.0065
-22.45,1.4841,0.0038
-22.37,1.4794,0.006
-22.28,1.4843,0.0199
-22.2,1.4846,0.0056
-22.12,1.4765,0.0048
-22.04,1.509,0.0113
-21.95,1.4979,0.0138
-21.87,1.4813,0.0108
-21.79,1.5182,0.0239
-21.7,1.5007,0.0213
-21.62,1.5294,0.0108
-21.53,1.5099,0.034
-21.45,1.5328,0.0303
-21.37,1.5338,0.0237
-21.28,1.5105,0.0078
-21.2,1.479,0.006
-21.12,1.4924,0.006
-21.04,1.5046,0.0168
-20.95,1.5211,0.0081
-20.87,1.5168,0.0064
-20.79,1.5393,0.0223
-20.7,1.542,0.0174
-20.62,1.5538,0.0384
-20.53,1.5433,0.0059
-20.45,1.5486,0.0102
-20.37,1.5341,0.0208
-20.28,1.5314,0.0055
-20.2,1.5252,0.0055
-20.12,1.5501,0.0112
-20.04,1.5498,0.0062
-19.95,1.5389,0.008
-19.87,1.5559,0.0065
-19.79,1.5696,0.0252
-19.7,1.5431,0.0126
-19.62,1.5541,0.0322
-19.53,1.559,0.0173
-19.45,1.5617,0.0052
-19.37,1.5614,0.0052
-19.28,1.5571,0.035
-19.2,1.5436,0.007
-19.12,1.5436,0.0196
-19.04,1.5767,0.0293
-18.95,1.5588,0.0104
-18.87,1.5513,0.0123
-18.79,1.5627,0.0233
-18.7,1.5765,0.0238
-18.62,1.5872,0.0456
-18.53,1.5934,0.0178
-18.45,1.5786,0.0052
-18.37,1.5824,0.0265
-18.28,1.587,0.0159
-18.2,1.577,0.0065
-18.12,1.5799,0.0074
-18.04,1.5961,0.0072
-17.95,1.5941,0.0076
-17.87,1.6109,0.0057
-17.79,1.6283,0.0132
-17.7,1.6228,0.0263
-17.62,1.6393,0.0169
-17.53,1.6501,0.0217
-17.45,1.6562,0.013
-17.37,1.6496,0.0048
-17.28,1.6455,0.0119
-17.2,1.6454,0.0126
-17.12,1.6533,0.0224
-17.04,1.6492,0.0199
-16.95,1.6627,0.004
-16.87,1.6504,0.0239
-16.79,1.6743,0.0234
-16.7,1.7089,0.0157
-16.62,1.7145,0.0067
-16.53,1.7207,0.008
-16.45,1.7209,0.0086
-16.37,1.7016,0.0149
-16.28,1.6936,0.0197
-16.2,1.6919,0.0091
-16.12,1.693,0.0062
-16.04,1.7007,0.005
-15.95,1.7062,0.0074
-15.87,1.7283,0.0074
-15.79,1.7492,0.0261
-15.7,1.7609,0.0082
-15.62,1.7868,0.0314
-15.53,1.8026,0.0174
-15.45,1.7983,0.0184
-15.37,1.7628,0.0136
-15.28,1.7629,0.0084
-15.2,1.7558,0.0118
-15.12,1.7457,0.0055
-15.04,1.7789,0.0137
-14.95,1.7778,0.0175
-14.87,1.7908,0.0239
-14.79,1.8391,0.0058
-14.7,1.8643,0.0342
-14.62,1.9007,0.0214
-14.53,1.9155,0.0495
-14.45,1.9197,0.0045
-14.37,1.895,0.0154
-14.28,1.838,0.0083
-14.2,1.8019,0.0237
-14.12,1.8008,0.0264
-14.04,1.8071,0.0189
-13.95,1.8163,0.0509
-13.87,1.8243,0.0438
-13.79,1.8543,0.0539
-13.7,1.9775,0.0413
-13.62,1.9836,0.0215
-13.53,1.8835,0.0127
-13.45,1.7649,0.0405
-13.37,1.6501,0.0038
-13.28,1.5605,0.0136
-13.2,1.4883,0.0097
-13.12,1.4633,0.017
-13.04,1.4179,0.0078
-12.95,1.4247,0.01
-12.87,1.4102,0.006
-12.79,1.3841,0.006
-12.7,1.3951,0.008
-12.62,1.4182,0.006
-12.53,1.3951,0.006
-12.37,1.368,0.006
-12.2,1.3059,0.006
-12.12,1.2879,0.005
-12.04,1.2638,0.007
-11.95,1.2398,0.006
-11.79,1.2187,0.006
-11.7,1.2067,0.007
-11.62,1.2417,0.006
-11.53,1.2287,0.007
-11.45,1.2487,0.008
-11.37,1.2167,0.008
-11.28,1.2137,0.007
-11.2,1.2217,0.008
-11.12,1.2066,0.009
-11.04,1.2036,0.007
-10.95,1.2106,0.007
-10.87,1.2066,0.007
-10.79,1.2106,0.007
-10.7,1.2166,0.008
-10.62,1.2226,0.007
-10.53,1.2326,0.006
-10.45,1.2356,0.005
-10.37,1.2205,0.006
-10.28,1.2035,0.007
-10.2,1.2059,0.0053
-10.12,1.2055,0.005
-10.04,1.1995,0.007
-9.95,1.2175,0.007
-9.87,1.2285,0.004
-9.79,1.2365,0.0064
-9.7,1.2515,0.006
-9.62,1.2715,0.01
-9.53,1.2494,0.007
-9.45,1.2775,0.007
-9.37,1.2334,0.009
-9.28,1.2294,0.007
-9.2,1.1973,0.005
-9.12,1.1818,0.0075
-8.5,1.1694,0.0093
-7.5,1.0993,0.037
-6.5,1.0252,0.0076
-5.5,1.0178,0.0053
-4.5,0.9777,0.0026
-3.5,0.9763,0.0018
-2.5,0.9745,0.0016
-1.5,0.9747,0.0017
-0.5,0.9743,0.0017
0,0.975532,0.00097104
5,0.976868,0.000972371
10,0.978816,0.00097431
15,0.981012,0.000976495
20,0.981256,0.000854699
25,0.983702,0.000734471
30,0.984069,0.00085715
35,0.987137,0.000859822
40,0.987751,0.000860357
45,0.989721,0.000862072
50,0.9912,0.000863361
55,0.990337,0.000862609
60,0.987874,0.000860464
65,0.987383,0.000860036
70,0.987137,0.000859822
75,0.985295,0.000858218
80,0.985909,0.000736119
85,0.984805,0.000735295
90,0.985295,0.000735661
95,0.984927,0.000980393
100,0.985909,0.00110397
105,0.985909,0.00098137
110,0.984927,0.000980393
115,0.986032,0.000981492
120,0.988243,0.000860786
125,0.98726,0.000859929
130,0.987383,0.000737219
135,0.986277,0.000981736
140,0.983702,0.000979173
145,0.981012,0.000976495
150,0.97906,0.000852786
155,0.973954,0.00096947
160,0.973106,0.000968626
165,0.97359,0.000969108
170,0.977233,0.000851195
175,0.979303,0.000852999
180,0.978329,0.000973825
185,0.978816,0.00097431
190,0.98089,0.00085438
195,0.980157,0.000853742
200,0.979913,0.00085353
205,0.979913,0.00085353
210,0.979425,0.000853105
215,0.981256,0.000976738
220,0.98309,0.000978564
225,0.986032,0.000736211
230,0.987014,0.000736944
235,0.98849,0.000861
240,0.987997,0.000737678
245,0.987014,0.000736944
250,0.98726,0.000737128
255,0.985418,0.000613165
260,0.98358,0.00073438
265,0.982601,0.000855871
270,0.979425,0.000974916
275,0.978329,0.00085215
280,0.97772,0.000973219
285,0.97359,0.000848022
290,0.971411,0.000846124
295,0.970686,0.000845493
300,0.969116,0.000844125
305,0.966586,0.000841922
310,0.963463,0.000839201
315,0.962624,0.00083847
320,0.959991,0.000955571
325,0.959513,0.000835761
330,0.959274,0.000835553
335,0.956889,0.000833475
340,0.956174,0.000951772
345,0.955104,0.00083192
350,0.957723,0.000834201
355,0.9582,0.000953789
360,0.959513,0.000955096
365,0.959513,0.000955096
370,0.959155,0.000954739
375,0.959513,0.000955096
380,0.960349,0.000955928
385,0.960469,0.000956047
390,0.959991,0.000955571
395,0.961426,0.000957
400,0.962144,0.000838053
405,0.962025,0.000957596
410,0.962504,0.000838366
415,0.962863,0.000838679
420,0.962624,0.000958192
425,0.960947,0.00083701
430,0.958916,0.000954501
435,0.957961,0.000953551
440,0.957008,0.000952602
445,0.957365,0.00119105
450,0.957484,0.00131024
455,0.957127,0.00130975
460,0.956293,0.00142748
465,0.955222,0.00130714
470,0.954747,0.00142517
475,0.95439,0.00142464
480,0.953678,0.00142358
485,0.952729,0.00130373
490,0.952254,0.00130308
495,0.951543,0.00130211
500,0.949532,0.00141739
505,0.946935,0.00141351
510,0.944462,0.00140982
515,0.942466,0.00128968
520,0.940825,0.00140439
525,0.93942,0.00128552
530,0.938135,0.00140038
535,0.936618,0.00128168
540,0.934638,0.00139516
545,0.932662,0.00127627
550,0.93127,0.00139013
555,0.92988,0.00138805
560,0.927452,0.00138443
565,0.9248,0.00126551
570,0.922845,0.00137755
575,0.922041,0.00126173
580,0.92273,0.00137738
585,0.924225,0.00126472
590,0.925606,0.00138167
595,0.926759,0.00126819
600,0.927914,0.00138512
605,0.92907,0.00127135
610,0.930227,0.00138857
615,0.930922,0.00127389
620,0.930459,0.00127325
625,0.929301,0.00127167
630,0.928029,0.00138529
635,0.926644,0.00126803
640,0.925606,0.00126661
645,0.92457,0.00115025
650,0.92319,0.00137807
655,0.921353,0.00137532
660,0.91952,0.00137259
665,0.917576,0.00136969
670,0.915066,0.00136594
675,0.912564,0.0013622
680,0.910748,0.00135949
685,0.909275,0.00124426
690,0.907353,0.00124163
695,0.905773,0.00123947
700,0.905097,0.00135106
705,0.904871,0.00123824
710,0.904308,0.00112504
715,0.904421,0.00112518
720,0.904984,0.00123839
725,0.904759,0.0011256
730,0.902846,0.00112322
735,0.900713,0.00112057
740,0.899704,0.00123117
745,0.898809,0.00122994
750,0.898585,0.00134134
755,0.899033,0.00111848
760,0.898697,0.00111806
765,0.898026,0.00111723
770,0.897691,0.00134
775,0.897802,0.00111695
780,0.897914,0.00111709
785,0.896909,0.00100431
790,0.895013,0.00122475
795,0.893121,0.00111112
800,0.8909,0.00121912
805,0.889238,0.00110629
810,0.889902,0.00121775
815,0.891343,0.00110891
820,0.891565,0.00122003
825,0.891122,0.00121942
830,0.889791,0.00132821
835,0.888463,0.00110533
840,0.888463,0.00110533
845,0.889127,0.00110615
850,0.889459,0.00121715
855,0.889681,0.00121745
860,0.890124,0.00121806
865,0.890789,0.00110822
870,0.891787,0.00122033
875,0.892676,0.00111057
880,0.892676,0.00122155
885,0.892676,0.00111057
890,0.892787,0.0012217
895,0.892454,0.00111029
900,0.891232,0.00121958
905,0.889681,0.00121745
910,0.888574,0.00121594
915,0.887579,0.00121458
920,0.886143,0.00132277
925,0.88438,0.0012102
930,0.881522,0.00131587
935,0.878783,0.00120254
940,0.878018,0.00131064
945,0.878236,0.00120179
950,0.878455,0.00131129
955,0.878018,0.00120149
960,0.876598,0.00130852
965,0.874854,0.00119716
970,0.873874,0.00130445
975,0.873222,0.00119493
980,0.872027,0.00130169
985,0.870833,0.00119166
990,0.8704,0.00129927
995,0.870508,0.00119122
1000,0.870292,0.00140728
1005,0.869642,0.0015143
1010,0.86856,0.00151242
1015,0.867695,0.00140308
1020,0.868128,0.00140378
1025,0.869317,0.00129765
1030,0.870508,0.00140763
1035,0.871484,0.00130088
1040,0.87181,0.00130137
1045,0.871376,0.00130072
1050,0.870183,0.00129894
1055,0.86856,0.00129652
1060,0.866616,0.00140133
1065,0.864676,0.00150565
1070,0.863493,0.00150359
1075,0.862741,0.00139507
1080,0.862311,0.00150154
1085,0.861989,0.00139385
1090,0.861667,0.00139333
1095,0.861346,0.00128575
1100,0.861239,0.00139264
1105,0.861346,0.00139281
1110,0.861882,0.00150079
1115,0.862204,0.00150135
1120,0.862097,0.00150116
1125,0.861775,0.0013935
1130,0.861667,0.00150042
1135,0.861775,0.0015006
1140,0.861882,0.00139368
1145,0.861775,0.00128639
1150,0.861131,0.00128543
1155,0.860703,0.0011778
1160,0.861989,0.00117956
1165,0.863493,0.00118162
1170,0.862848,0.00128799
1175,0.860488,0.0011775
1180,0.857174,0.00127952
1185,0.853873,0.00116845
1190,0.85228,0.00116627
1195,0.851961,0.00105992
1200,0.852386,0.00116642
1205,0.853554,0.00116802
1210,0.855149,0.0012765
1215,0.856641,0.00117224
1220,0.856534,0.00127857
1225,0.855681,0.0012773
1230,0.85483,0.00138227
1235,0.854085,0.00127491
1240,0.853447,0.00138004
1245,0.853235,0.00137969
1250,0.853447,0.00138004
1255,0.853447,0.00138004
1260,0.852492,0.00137849
1265,0.851219,0.00137643
1270,0.850266,0.00148056
1275,0.849314,0.00137335
1280,0.848152,0.00137147
1285,0.84657,0.00136892
1290,0.844675,0.00136585
1295,0.842679,0.00125789
1300,0.840688,0.00135941
1305,0.838807,0.00125211
1310,0.837346,0.001354
1315,0.836304,0.00124837
1320,0.836096,0.00135198
1325,0.836096,0.00135198
1330,0.835888,0.00145553
1335,0.835368,0.00145462
1340,0.834744,0.00145353
1345,0.833913,0.00134845
1350,0.832876,0.00134677
1355,0.83184,0.0013451
1360,0.831426,0.00134443
1365,0.831322,0.00134426
1370,0.831012,0.00134376
1375,0.830598,0.00134309
1380,0.829978,0.00134209
1385,0.829255,0.00123785
1390,0.828636,0.00133992
1395,0.828017,0.001236
1400,0.827605,0.00123538
1405,0.826884,0.00123431
1410,0.825239,0.00123185
1415,0.823289,0.00122894
1420,0.821651,0.0012265
1425,0.820731,0.0011231
1430,0.821037,0.00122558
1435,0.821651,0.0012265
1440,0.821344,0.00132813
1445,0.820731,0.00122512
1450,0.820527,0.0013268
1455,0.820935,0.00122543
1460,0.82206,0.00132928
1465,0.823392,0.00133144
1470,0.823802,0.0013321
1475,0.823494,0.0013316
1480,0.822879,0.00133061
1485,0.822265,0.00132962
1490,0.822367,0.00132978
1495,0.822777,0.00133044
1500,0.822982,0.00133077
1505,0.823187,0.00133111
1510,0.823392,0.00133144
1515,0.823084,0.00133094
1520,0.821549,0.00132846
1525,0.819404,0.00122314
1530,0.817773,0.00132235
1535,0.816553,0.00121889
1540,0.815841,0.00131923
1545,0.815232,0.00121692
1550,0.814421,0.0012157
1555,0.813306,0.00111294
1560,0.812193,0.00121238
1565,0.811082,0.00131153
1570,0.809871,0.00130957
1575,0.809065,0.00120771
1580,0.809367,0.00130876
1585,0.809972,0.0014104
1590,0.810174,0.00151142
1595,0.809871,0.00151086
1600,0.80967,0.00151048
1605,0.809166,0.00140899
1610,0.80836,0.00140759
1615,0.807355,0.00130551
1620,0.80625,0.00130372
1625,0.805147,0.00130193
1630,0.804145,0.00130031
1635,0.803344,0.00129902
1640,0.802845,0.00129821
1645,0.802944,0.00129837
1650,0.803644,0.00129951
1655,0.804445,0.0013008
1660,0.804445,0.0013008
1665,0.804345,0.00130064
1670,0.805046,0.00130177
1675,0.806149,0.00130356
1680,0.806752,0.00130453
1685,0.806651,0.00120411
1690,0.805247,0.00120201
1695,0.803544,0.00109958
1700,0.802545,0.00119798
1705,0.801846,0.00109726
1710,0.800549,0.001195
1715,0.799155,0.00129225
1720,0.79826,0.00139001
1725,0.797764,0.00148827
1730,0.797168,0.00148716
1735,0.796573,0.00148605
1740,0.795879,0.00138586
1745,0.795384,0.00128615
1750,0.795384,0.001385
1755,0.79578,0.00148457
1760,0.796176,0.00148531
1765,0.796374,0.00148568
1770,0.796374,0.00148568
1775,0.796077,0.00148513
1780,0.795879,0.00148476
1785,0.795681,0.00148439
1790,0.795681,0.00148439
1795,0.79578,0.00148457
1800,0.795879,0.00148476
1805,0.795879,0.00148476
1810,0.795681,0.00138551
1815,0.794988,0.00128551
1820,0.792912,0.00128215
1825,0.790645,0.00118021
1830,0.789662,0.00137503
1835,0.789465,0.00147279
1840,0.789465,0.00147279
1845,0.78976,0.00147334
1850,0.790252,0.00137606
1855,0.790744,0.00127864
1860,0.79035,0.00127801
1865,0.789367,0.00137452
1870,0.788286,0.00137264
1875,0.787208,0.00127293
1880,0.786228,0.00127134
1885,0.785348,0.00126992
1890,0.784762,0.00126897
1895,0.783981,0.00117027
1900,0.782713,0.00116837
1905,0.781739,0.00106974
1910,0.782323,0.00126503
1915,0.783298,0.0012666
1920,0.782908,0.00126597
1925,0.781836,0.00126424
1930,0.780767,0.00126251
1935,0.780184,0.0011646
1940,0.780281,0.00116474
1945,0.780184,0.00106761
1950,0.778437,0.00116199
1955,0.777275,0.00116026
1960,0.77834,0.00116185
1965,0.778922,0.00116271
1970,0.778244,0.00125843
1975,0.777856,0.00116112
1980,0.77834,0.00106509
1985,0.77834,0.000968326
1990,0.776888,0.00115968
1995,0.775246,0.00115723
2000,0.773896,0.00115521
2005,0.772645,0.0010573
2010,0.771972,0.00115234
2015,0.771876,0.0011522
2020,0.772068,0.00124845
2025,0.772548,0.00124922
2030,0.773126,0.00125016
2035,0.772933,0.00115378
2040,0.771972,0.00124829
2045,0.771299,0.0012472
2050,0.771203,0.00124705
2055,0.770915,0.00115076
2060,0.770436,0.00124581
2065,0.769765,0.00114904
2070,0.769094,0.00124364
2075,0.768903,0.00114776
2080,0.769477,0.00124426
2085,0.770052,0.00124519
2090,0.77034,0.00124565
2095,0.770436,0.00124581
2100,0.770244,0.00143693
2105,0.769956,0.0014364
2110,0.769477,0.00133989
2115,0.768711,0.00124302
2120,0.767564,0.00133655
2125,0.766609,0.00133489
2130,0.766132,0.00133406
2135,0.765846,0.00133356
2140,0.765846,0.00123838
2145,0.765179,0.0011422
2150,0.763656,0.00123484
2155,0.761662,0.00123162
2160,0.759863,0.00122871
2165,0.759012,0.00103864
2170,0.759863,0.00122871
2175,0.760336,0.00122948
2180,0.759107,0.00122749
2185,0.757785,0.00113116
2190,0.75769,0.0012252
2195,0.757973,0.00122565
2200,0.758162,0.00132018
2205,0.757973,0.00141404
2210,0.757125,0.00141246
2215,0.756559,0.00131739
2220,0.756936,0.00131805
2225,0.757502,0.00122489
2230,0.757785,0.00131953
2235,0.758257,0.00132035
2240,0.759012,0.00122733
2245,0.759768,0.00113412
2250,0.760241,0.00122932
2255,0.760431,0.00132413
2260,0.76062,0.00132446
2265,0.760999,0.00132512
2270,0.761757,0.00132644
2275,0.762421,0.00123285
2280,0.762706,0.00132809
2285,0.762611,0.00132793
2290,0.762516,0.00132776
2295,0.761757,0.00123177
2300,0.760147,0.00122917
2305,0.758257,0.00113187
2310,0.756371,0.00112905
2315,0.755148,0.00103336
2320,0.754584,0.00112638
2325,0.754209,0.00112582
2330,0.75327,0.00112442
2335,0.752239,0.00112288
2340,0.751117,0.00112121
2345,0.749435,0.0011187
2350,0.746735,0.00111467
2355,0.744044,0.00101816
2360,0.741732,0.0011072
2365,0.74044,0.0011973
2370,0.74044,0.00110527
2375,0.740625,0.00101348
2380,0.740164,0.00110486
2385,0.739795,0.00110431
2390,0.739979,0.00119656
2395,0.740256,0.001105
2400,0.740256,0.00119701
2405,0.740164,0.00110486
2410,0.740164,0.00119686
2415,0.740256,0.001105
2420,0.740256,0.001105
2425,0.740164,0.00101285
2430,0.739979,0.00110458
2435,0.739703,0.00110417
2440,0.739335,0.00110362
2445,0.739151,0.00101146
2450,0.739427,0.00110376
2455,0.739519,0.00101197
2460,0.738967,0.00110307
2465,0.738323,0.00101033
2470,0.738048,0.0011017
2475,0.737956,0.00100983
2480,0.738323,0.00110211
2485,0.738048,0.00100995
2490,0.736671,0.00109965
2495,0.735205,0.00100606
2500,0.73429,0.00109609
2505,0.733833,0.00109541
2510,0.733651,0.00109514
2515,0.733559,0.00100381
2520,0.733377,0.00109473
2525,0.733377,0.00109473
2530,0.733833,0.00109541
2535,0.733925,0.00100431
2540,0.733194,0.00109446
2545,0.732373,0.00109323
2550,0.7321,0.00109282
2555,0.732282,0.000911025
2560,0.732829,0.00100281
2565,0.733285,0.000912273
2570,0.733285,0.00100344
2575,0.733103,0.000912046
2580,0.73292,0.00100294
2585,0.733103,0.000912046
2590,0.733742,0.00100406
2595,0.734656,0.000913978
2600,0.736029,0.00100719
2605,0.736671,0.000824888
2610,0.735571,0.00100657
2615,0.733925,0.000821813
2620,0.732191,0.00100194
2625,0.731553,0.000910118
2630,0.732647,0.00100256
2635,0.734199,0.00082212
2640,0.735937,0.00100707
2645,0.736946,0.00100845
2650,0.736946,0.00110006
2655,0.736579,0.00100795
2660,0.736396,0.00109923
2665,0.736487,0.00109937
2670,0.736854,0.00100832
2675,0.736854,0.000916713
2680,0.735846,0.00100694
2685,0.73493,0.00100569
2690,0.734564,0.0010965
2695,0.734107,0.00100456
2700,0.733103,0.00100319
2705,0.732191,0.00100194
2710,0.731735,0.00109228
2715,0.730916,0.0010002
2720,0.729461,0.00108888
2725,0.728282,0.000996591
2730,0.727919,0.00108658
2735,0.727557,0.000905147
2740,0.7262,0.000993742
2745,0.724033,0.000990777
2750,0.721694,0.00107729
2755,0.719541,0.00098463
2760,0.717841,0.00107154
2765,0.716769,0.00106994
2770,0.716145,0.00106901
2775,0.71561,0.000979251
2780,0.71472,0.00115571
2785,0.713653,0.00106529
2790,0.712854,0.000975479
2795,0.712056,0.000974387
2800,0.711613,0.00115069
2805,0.711524,0.00132739
2810,0.711435,0.00132722
2815,0.711524,0.00123897
2820,0.711613,0.00132755
2825,0.711878,0.00132805
2830,0.712322,0.00132888
2835,0.712499,0.00132921
2840,0.712144,0.00132854
2845,0.711258,0.00132689
2850,0.710197,0.00132491
2855,0.709137,0.00123481
2860,0.708431,0.00123359
2865,0.707814,0.00132047
2870,0.707109,0.00131915
2875,0.706405,0.00131784
2880,0.705702,0.00131653
2885,0.705175,0.00122792
2890,0.704561,0.00122685
2895,0.704035,0.00113844
2900,0.704035,0.00122593
2905,0.704473,0.00122669
2910,0.705351,0.00122822
2915,0.705966,0.00122929
2920,0.705175,0.00114028
2925,0.703947,0.00113829
2930,0.703422,0.00122486
2935,0.703509,0.00122502
2940,0.703597,0.00122517
2945,0.703422,0.00122486
2950,0.702809,0.0012238
2955,0.701847,0.0011349
2960,0.700974,0.00113349
2965,0.700102,0.00113208
2970,0.699666,0.00121832
2975,0.699405,0.00121787
2980,0.699318,0.00121772
2985,0.699318,0.00121772
2990,0.699318,0.00130462
2995,0.69897,0.00121711
3000,0.6981,0.0012156
3005,0.697058,0.00121378
3010,0.696798,0.00121333
3015,0.697058,0.00121378
3020,0.697058,0.00121378
3025,0.696971,0.00121363
3030,0.696971,0.00130024
3035,0.696885,0.00121348
3040,0.696624,0.00121303
3045,0.696538,0.00112631
3050,0.696885,0.00112687
3055,0.696971,0.00112701
3060,0.696451,0.00103961
3065,0.695411,0.000951611
3070,0.694633,0.000950545
3075,0.693855,0.000949481
3080,0.692474,0.00103367
3085,0.691269,0.000945942
3090,0.691785,0.000946649
3095,0.693251,0.000948654
3100,0.693682,0.000949245
3105,0.693337,0.000948772
3110,0.692647,0.00112002
3115,0.692388,0.00120565
3120,0.692388,0.00129169
3125,0.692561,0.00129201
3130,0.693164,0.00137926
3135,0.69351,0.00129378
3140,0.692647,0.00129217
3145,0.691613,0.00129024
3150,0.691613,0.00129024
3155,0.691785,0.00129056
3160,0.690752,0.00111696
3165,0.689893,0.000944059
3170,0.689121,0.000943002
3175,0.688435,0.000942064
3180,0.688092,0.000941595
3185,0.687236,0.000940423
3190,0.687321,0.00094054
3195,0.687749,0.000941126
3200,0.688092,0.000941595
3205,0.688178,0.000856155
3210,0.686979,0.000940072
3215,0.685868,0.000938552
3220,0.685698,0.000938318
3225,0.685612,0.000938202
3230,0.685015,0.000852221
3235,0.684418,0.000851478
3240,0.684078,0.000936102
3245,0.683907,0.000935869
3250,0.683312,0.000935053
3255,0.682207,0.000933541
3260,0.681613,0.000847988
3265,0.681613,0.000847988
3270,0.681019,0.000931916
3275,0.680256,0.000930872
3280,0.680002,0.000930525
3285,0.68068,0.000931452
3290,0.681952,0.000933193
3295,0.682716,0.00101911
3300,0.682972,0.00101949
3305,0.683227,0.00110479
3310,0.683907,0.00127587
3315,0.684163,0.00127634
3320,0.683652,0.00127539
3325,0.682716,0.00127365
3330,0.682122,0.00127254
3335,0.681528,0.00118674
3340,0.680765,0.00118541
3345,0.679918,0.00109944
3350,0.679579,0.00118335
3355,0.679156,0.00118261
3360,0.678142,0.00118084
3365,0.676877,0.00117864
3370,0.676204,0.0012615
3375,0.675783,0.00126071
3380,0.674774,0.00117498
3385,0.673683,0.00108936
3390,0.673096,0.00108841
3395,0.672677,0.00108773
3400,0.672008,0.00108665
3405,0.671255,0.001002
3410,0.670754,0.00108462
3415,0.67042,0.00108408
3420,0.670504,0.00108421
3425,0.670921,0.00108489
3430,0.67159,0.0010025
3435,0.672175,0.000919814
3440,0.671924,0.000835934
3445,0.670754,0.000834479
3450,0.66892,0.000832196
3455,0.667589,0.000830541
3460,0.666758,0.000829507
3465,0.666675,0.000829404
3470,0.666343,0.000828991
3475,0.666343,0.000828991
3480,0.664935,0.000909906
3485,0.663777,0.000743265
3490,0.664273,0.00074382
3495,0.663777,0.000743265
3500,0.663611,0.00074308
3505,0.664025,0.000826107
3510,0.663529,0.000907982
3515,0.662951,0.000824771
3520,0.662951,0.000824771
3525,0.663116,0.000824976
3530,0.663446,0.000825387
3535,0.664355,0.000743913
3540,0.665266,0.000827651
3545,0.664769,0.000744376
3550,0.664107,0.000826209
3555,0.663859,0.000743357
3560,0.662868,0.000824668
3565,0.661385,0.000822822
3570,0.660726,0.000822003
3575,0.65974,0.000820776
3580,0.659001,0.000901787
3585,0.658755,0.000819551
3590,0.658181,0.000900665
3595,0.657772,0.000818328
3600,0.657854,0.000900217
3605,0.658018,0.000818633
3610,0.657444,0.000981382
3615,0.656627,0.000898537
3620,0.656545,0.000980039
3625,0.65679,0.000898761
3630,0.65679,0.000980405
3635,0.656136,0.000897866
3640,0.654749,0.000977359
3645,0.653284,0.000893963
3650,0.652146,0.000973473
3655,0.65174,0.00105387
3660,0.652552,0.00113628
3665,0.65369,0.0012195
3670,0.654423,0.00122086
3675,0.654668,0.00122132
3680,0.654342,0.0011394
3685,0.653609,0.00121934
3690,0.652471,0.00121722
3695,0.651254,0.00121495
3700,0.650201,0.00113219
3705,0.649553,0.00113106
3710,0.649473,0.00113092
3715,0.649392,0.00113078
3720,0.648745,0.00112966
3725,0.647696,0.00104734
3730,0.64681,0.00112629
3735,0.646166,0.00104486
3740,0.646247,0.00104499
3745,0.646729,0.00104577
3750,0.647454,0.00112741
3755,0.647938,0.00104773
3760,0.647696,0.00112783
3765,0.647132,0.00112685
3770,0.646729,0.00112615
3775,0.646488,0.00120606
3780,0.646005,0.00120516
3785,0.645844,0.00120486
3790,0.646729,0.00120651
3795,0.647858,0.00120861
3800,0.648584,0.00120997
3805,0.648826,0.00121042
3810,0.648665,0.00121012
3815,0.648261,0.00120937
3820,0.647616,0.00112769
3825,0.64681,0.0010459
3830,0.645443,0.0011239
3835,0.643998,0.00112139
3840,0.642957,0.00119947
3845,0.642237,0.00119813
3850,0.641917,0.00119753
3855,0.641757,0.00119723
3860,0.641597,0.00119694
3865,0.641358,0.00119649
3870,0.640959,0.00119574
3875,0.64056,0.0011154
3880,0.640321,0.00103541
3885,0.640241,0.000637293
3890,0.639604,0.000954751
3895,0.638967,0.00103322
3900,0.63841,0.00103232
3905,0.637854,0.000872849
3910,0.637616,0.00111028
3915,0.637378,0.00103065
3920,0.637378,0.00103065
3925,0.63714,0.000871872
3930,0.635952,0.000949299
3935,0.635319,0.00110628
3940,0.635556,0.00110669
3945,0.63611,0.000949536
3950,0.636982,0.00110917
3955,0.637299,0.00095131
3960,0.636823,0.00102975
3965,0.63611,0.000949536
3970,0.635635,0.00110683
3975,0.634923,0.000947764
3980,0.633897,0.00102502
3985,0.632635,0.000865707
3990,0.631769,0.00102158
3995,0.631062,0.000942001
4000,0.630591,0.00101968
4005,0.630512,0.000784414
4010,0.630042,0.00101879
4015,0.62965,0.00101815
4020,0.629806,0.00101841
4025,0.629728,0.000783439
4030,0.63012,0.00101891
4035,0.630669,0.000941415
4040,0.631455,0.000942587
4045,0.631927,0.00102184
4050,0.632556,0.00110147
4055,0.632793,0.000944584
4060,0.632714,0.00102311
4065,0.632242,0.000943761
4070,0.631691,0.00102145
4075,0.631298,0.00102082
4080,0.630591,0.00109804
4085,0.629414,0.00101777
4090,0.627771,0.00101512
4095,0.626522,0.000857342
4100,0.625898,0.000856488
4105,0.62512,0.000777706
4110,0.625665,0.000933944
4115,0.625976,0.000934409
4120,0.626522,0.0010131
4125,0.626912,0.000857876
4130,0.627615,0.000858837
4135,0.627849,0.000781101
4140,0.627537,0.00085873
4145,0.626444,0.000857235
4150,0.624886,0.00101045
4155,0.623255,0.000930347
4160,0.622092,0.00100593
4165,0.621473,0.000850432
4170,0.62217,0.000851386
4175,0.622635,0.000929421
4180,0.621782,0.000850856
4185,0.621086,0.000772687
4190,0.621241,0.00092734
4195,0.621086,0.000849903
4200,0.62217,0.00100606
4205,0.622712,0.000852128
4210,0.62341,0.00100806
4215,0.62341,0.00100806
4220,0.6231,0.001085
4225,0.622402,0.00100643
4230,0.621705,0.000928033
4235,0.621164,0.000927225
4240,0.620005,0.000848423
4245,0.619079,0.000847157
4250,0.618386,0.000923079
4255,0.618386,0.00099994
4260,0.617847,0.000922275
4265,0.618001,0.000999318
4270,0.618001,0.000922505
4275,0.618617,0.000846524
4280,0.618694,0.000923539
4285,0.618232,0.000922849
4290,0.617694,0.000922045
4295,0.617002,0.000997702
4300,0.615698,0.000919066
4305,0.615698,0.000995593
4310,0.615698,0.000995593
4315,0.615774,0.000995717
4320,0.615544,0.00084232
4325,0.615774,0.000995717
4330,0.616465,0.000920211
4335,0.617079,0.000997826
4340,0.617002,0.000921013
4345,0.617002,0.00107438
4350,0.616541,0.00107358
4355,0.615851,0.000919295
4360,0.615314,0.000918494
4365,0.615391,0.000918608
4370,0.616234,0.000919867
4375,0.616618,0.00092044
4380,0.616465,0.000843579
4385,0.616081,0.000843054
4390,0.616004,0.000919524
4395,0.616081,0.000919638
4400,0.616004,0.000996088
4405,0.615621,0.00114847
4410,0.614472,0.00114633
4415,0.612944,0.000991141
4420,0.61104,0.000912113
4425,0.609293,0.000985236
4430,0.608838,0.000908826
4435,0.608686,0.0009086
4440,0.607626,0.000907018
4445,0.606644,0.000980953
4450,0.605437,0.000903749
4455,0.604608,0.000902513
4460,0.604684,0.000827458
4465,0.605663,0.000904087
4470,0.606191,0.000904875
4475,0.606719,0.000830244
4480,0.606568,0.000830037
4485,0.607626,0.000907018
4490,0.608232,0.000832313
4495,0.608232,0.000907922
4500,0.607626,0.000907018
4505,0.607702,0.000907131
4510,0.607551,0.000906905
4515,0.606417,0.000905213
4520,0.604985,0.00082787
4525,0.603781,0.000901278
4530,0.602055,0.00082386
4535,0.601605,0.00089803
4540,0.601306,0.000822835
4545,0.60198,0.000898589
4550,0.601306,0.000897583
4555,0.601455,0.00104731
4560,0.60213,0.000898813
4565,0.602205,0.000973774
4570,0.601006,0.000897136
4575,0.600333,0.000896131
4580,0.599885,0.000820891
4585,0.599139,0.000894348
4590,0.598692,0.00089368
4595,0.59899,0.00104302
4600,0.599437,0.000969299
4605,0.599736,0.000969782
4610,0.599213,0.000894459
4615,0.598692,0.00089368
4620,0.598393,0.000893235
4625,0.597872,0.000892457
4630,0.597351,0.00089168
4635,0.597426,0.000891791
4640,0.597649,0.000892124
4645,0.597203,0.000965686
4650,0.596311,0.000890127
4655,0.595569,0.000814986
4660,0.595199,0.000814479
4665,0.595125,0.000888356
4670,0.596163,0.000964005
4675,0.597203,0.000965686
4680,0.5975,0.000817628
4685,0.597575,0.000892013
4690,0.597426,0.000966047
4695,0.597054,0.000965446
4700,0.596386,0.000890238
4705,0.595792,0.000963405
4710,0.594903,0.000961967
4715,0.59468,0.00103551
4720,0.594829,0.000961847
4725,0.594754,0.000961727
4730,0.594015,0.000886699
4735,0.594162,0.00081306
4740,0.594236,0.00088703
4745,0.594015,0.000886699
4750,0.594236,0.00088703
4755,0.595199,0.000962446
4760,0.596831,0.000890903
4765,0.598542,0.000893458
4770,0.599885,0.000895462
4775,0.600558,0.000896466
4780,0.599885,0.000895462
4785,0.598393,0.00081885
4790,0.597575,0.00081773
4795,0.597723,0.000892235
4800,0.597351,0.00089168
4805,0.596905,0.000965205
4810,0.595644,0.000889131
4815,0.594754,0.000813871
4820,0.594236,0.00088703
4825,0.592906,0.000811342
4830,0.591064,0.000882295
4835,0.590035,0.000880758
4840,0.588568,0.000878568
4845,0.587396,0.000949829
4850,0.586374,0.000948175
4855,0.585134,0.000873443
4860,0.58397,0.000871705
4865,0.583025,0.000870295
4870,0.581793,0.000868455
4875,0.580852,0.000939247
4880,0.580202,0.000938195
4885,0.579913,0.000937728
4890,0.579769,0.000937495
4895,0.579552,0.00086511
4900,0.579696,0.000937378
4905,0.579841,0.000793462
4910,0.579696,0.000865326
4915,0.579696,0.000937378
4920,0.579624,0.000937261
4925,0.579624,0.0010093
4930,0.579841,0.000937611
4935,0.580057,0.000793759
4940,0.580418,0.000866404
4945,0.580635,0.000938896
4950,0.580491,0.000866512
4955,0.580274,0.000938312
4960,0.579624,0.000937261
4965,0.579191,0.000936562
4970,0.578399,0.00093528
4975,0.577248,0.000861671
4980,0.575956,0.000859742
4985,0.575813,0.00078795
4990,0.575669,0.000859314
4995,0.575813,0.000859528
5000,0.575884,0.000859635
5005,0.575956,0.00093133
5010,0.576386,0.000932026
5015,0.576889,0.000932838
5020,0.577607,0.000862208
5025,0.577967,0.000862744
5030,0.57732,0.000933535
5035,0.576386,0.00100366
5040,0.575526,0.000930634
5045,0.574309,0.000857284
5050,0.573095,0.000997927
5055,0.57224,0.00092532
5060,0.571955,0.00092486
5065,0.571741,0.000853451
5070,0.571243,0.000923709
5075,0.570604,0.000922675
5080,0.570319,0.000922216
5085,0.569965,0.000921642
5090,0.569468,0.000991611
5095,0.569256,0.000920495
5100,0.569752,0.000921298
5105,0.570533,0.00092256
5110,0.571528,0.000924169
5115,0.572097,0.000853982
5120,0.571741,0.000924514
5125,0.571243,0.000852708
5130,0.570888,0.000923134
5135,0.570533,0.000851647
5140,0.569965,0.000921642
5145,0.569185,0.000849635
5150,0.568901,0.000778493
5155,0.569256,0.000778977
5160,0.569894,0.000779851
5165,0.570888,0.000710236
5170,0.57167,0.000711209
5175,0.571314,0.000710767
5180,0.571457,0.000781989
5185,0.571884,0.000782574
5190,0.572596,0.000712361
5195,0.573309,0.000784524
5200,0.573666,0.000713693
5205,0.574023,0.000785502
5210,0.574023,0.000785502
5215,0.571884,0.000498125
5220,0.57167,0.000853345
5225,0.572453,0.000712184
5230,0.572525,0.000783451
5235,0.57224,0.000711918
5240,0.571812,0.000782476
5245,0.572382,0.000712095
5250,0.572453,0.000783353
5255,0.572596,0.000783548
5260,0.57224,0.000783061
5265,0.572026,0.000782769
5270,0.571812,0.000853557
5275,0.571457,0.000853026
5280,0.570533,0.000709794
5285,0.569681,0.000850376
5290,0.56883,0.000707677
5295,0.568335,0.000636394
5300,0.567204,0.000917178
5305,0.566216,0.000915581
5310,0.56516,0.000773373
5315,0.563474,0.000771066
5320,0.561793,0.000698922
5325,0.559699,0.000835475
5330,0.557752,0.000832568
5335,0.556572,0.000830808
5340,0.556018,0.000622602
5345,0.556711,0.000831015
5350,0.557266,0.000831843
5355,0.55685,0.000762001
5360,0.556988,0.000831429
5365,0.557058,0.000831533
5370,0.55685,0.000623533
5375,0.557613,0.000693721
5380,0.558307,0.000763996
5385,0.559003,0.000764947
5390,0.559281,0.000765328
5395,0.559072,0.000765043
5400,0.559212,0.000765233
5405,0.559351,0.000765424
5410,0.559769,0.000765996
5415,0.560117,0.000627192
5420,0.561234,0.000768001
5425,0.562073,0.000769149
5430,0.562213,0.00076934
5435,0.561653,0.000768574
5440,0.560885,0.000837245
5445,0.559699,0.0007659
5450,0.55796,0.000694153
5455,0.557752,0.000763235
5460,0.557405,0.00083205
5465,0.55685,0.000762001
5470,0.555188,0.000759728
5475,0.553808,0.000757839
5480,0.55305,0.00082555
5485,0.552087,0.000755484
5490,0.550783,0.000753699
5495,0.550372,0.000753136
5500,0.550714,0.000822064
5505,0.551332,0.00075445
5510,0.552018,0.000892622
5515,0.552156,0.000755578
5520,0.552362,0.000893178
5525,0.55195,0.000755296
5530,0.552706,0.000893734
5535,0.553188,0.000688216
5540,0.553601,0.000826373
5545,0.553739,0.000757744
5550,0.554222,0.000827299
5555,0.554774,0.000828124
5560,0.555188,0.000690705
5565,0.555465,0.000829155
5570,0.554912,0.000966265
5575,0.553877,0.000826785
5580,0.552156,0.000824215
5585,0.549824,0.000752387
5590,0.547365,0.000680972
5595,0.546208,0.000747439
5600,0.545121,0.000745952
5605,0.543766,0.000676494
5610,0.542954,0.00081048
5615,0.542346,0.000742154
5620,0.542211,0.000809371
5625,0.542143,0.000741877
5630,0.542481,0.000742339
5635,0.542886,0.000742893
5640,0.542886,0.000810379
5645,0.541941,0.0007416
5650,0.541469,0.000808263
5655,0.540459,0.000739572
5660,0.539048,0.000737641
5665,0.538042,0.000736265
5670,0.537908,0.000802948
5675,0.538377,0.000736723
5680,0.53831,0.000803548
5685,0.538243,0.00073654
5690,0.53831,0.000736631
5695,0.538847,0.000804349
5700,0.538578,0.00067004
5705,0.538779,0.00067029
5710,0.53831,0.000803548
5715,0.537908,0.000802948
5720,0.537574,0.000735623
5725,0.536972,0.00080155
5730,0.536637,0.000801051
5735,0.536237,0.000800453
5740,0.535636,0.000799557
5745,0.534903,0.000798462
5750,0.53364,0.000796576
5755,0.53271,0.000795189
5760,0.532114,0.000860437
5765,0.531518,0.000727337
5770,0.53132,0.000925183
5775,0.531055,0.000726704
5780,0.531187,0.000858938
5785,0.53132,0.000859152
5790,0.531386,0.000727156
5795,0.531187,0.000858938
5800,0.530857,0.000726432
5805,0.53132,0.000727065
5810,0.531982,0.000727971
5815,0.531982,0.000661833
5820,0.532048,0.0007942
5825,0.532777,0.000729059
5830,0.533972,0.000797072
5835,0.534637,0.00059866
5840,0.534504,0.000864301
5845,0.533773,0.000796774
5850,0.533906,0.000796973
5855,0.533773,0.000796774
5860,0.533241,0.000928529
5865,0.533042,0.000928183
5870,0.533109,0.000928298
5875,0.533042,0.00099442
5880,0.532777,0.000993924
5885,0.53218,0.000992812
5890,0.531452,0.000925414
5895,0.530593,0.000923917
5900,0.529801,0.000922538
5905,0.528878,0.000920932
5910,0.527694,0.00085329
5915,0.526513,0.000785938
5920,0.525466,0.000784374
5925,0.524616,0.000783106
5930,0.523963,0.000847257
5935,0.523311,0.000846203
5940,0.522725,0.000845255
5945,0.52201,0.000844098
5950,0.521231,0.000907616
5955,0.520842,0.000906938
5960,0.520906,0.000907051
5965,0.521361,0.000972627
5970,0.52214,0.000909199
5975,0.52266,0.000780187
5980,0.522856,0.000780478
5985,0.52227,0.000779604
5990,0.520906,0.000842314
5995,0.519353,0.000839801
6000,0.51819,0.000966712
6005,0.517417,0.00109384
6010,0.517159,0.00115753
6015,0.51703,0.00115724
6020,0.516644,0.00102802
6025,0.51613,0.000962869
6030,0.51568,0.0010261
6035,0.515295,0.00089728
6040,0.515745,0.000898062
6045,0.515937,0.000770151
6050,0.516451,0.00083511
6055,0.516516,0.000771015
6060,0.516516,0.000899405
6065,0.51613,0.00083459
6070,0.515745,0.000898062
6075,0.51568,0.000769768
6080,0.516773,0.000899853
6085,0.517803,0.000837296
6090,0.517868,0.000966111
6095,0.517739,0.000901535
6100,0.517352,0.0010937
6105,0.516966,0.0011571
6110,0.516644,0.0010922
6115,0.516194,0.00102712
6120,0.515488,0.00102572
6125,0.514847,0.000960475
6130,0.514334,0.00102342
6135,0.514206,0.00102317
6140,0.514526,0.0010238
6145,0.515103,0.000960953
6150,0.515809,0.00096227
6155,0.51658,0.000899517
6160,0.517288,0.000965029
6165,0.51761,0.00096563
6170,0.517223,0.00102917
6175,0.516194,0.000962989
6180,0.514654,0.000960116
6185,0.513247,0.000893713
6190,0.512353,0.000892157
6195,0.511843,0.000827658
6200,0.511843,0.000891269
6205,0.511588,0.000890825
6210,0.510761,0.000952853
6215,0.509745,0.000950957
6220,0.508794,0.000885959
6225,0.508351,0.000822011
6230,0.50854,0.000885518
6235,0.50911,0.000886511
6240,0.509745,0.000950957
6245,0.510316,0.00101543
6250,0.510761,0.00101631
6255,0.511015,0.000953327
6260,0.510952,0.000953209
6265,0.51057,0.000952497
6270,0.509808,0.00101442
6275,0.508857,0.000949301
6280,0.507528,0.000946822
6285,0.506266,0.000881558
6290,0.505133,0.000879585
6295,0.504065,0.000877726
6300,0.503125,0.000938608
6305,0.502186,0.000936857
6310,0.501312,0.000935225
6315,0.500501,0.000933713
6320,0.499816,0.000870327
6325,0.49907,0.000807005
6330,0.499257,0.000869352
6335,0.499381,0.000869569
6340,0.499505,0.000931855
6345,0.499381,0.000931623
6350,0.49907,0.000993051
6355,0.498574,0.000930117
6360,0.498512,0.000930001
6365,0.49876,0.000930464
6370,0.499443,0.000993793
6375,0.500003,0.000932783
6380,0.500128,0.000933016
6385,0.500065,0.0009329
6390,0.499816,0.000932435
6395,0.499133,0.000931159
6400,0.497891,0.000866975
6405,0.496839,0.00092688
6410,0.495357,0.000862561
6415,0.494679,0.000861381
6420,0.49474,0.000861488
6425,0.49474,0.000922965
6430,0.494925,0.00092331
6435,0.49474,0.000922965
6440,0.494248,0.000922047
6445,0.493694,0.000921014
6450,0.493019,0.000919754
6455,0.492712,0.000919182
6460,0.492835,0.00091941
6465,0.492773,0.000919296
6470,0.492528,0.000918838
6475,0.492344,0.000918495
6480,0.49216,0.000979302
6485,0.491854,0.000917581
6490,0.491426,0.000916782
6495,0.490509,0.000915072
6500,0.489533,0.000913251
6505,0.489167,0.000912569
6510,0.489046,0.000912342
6515,0.489046,0.000790794
6520,0.489107,0.000851678
6525,0.489228,0.00079109
6530,0.489046,0.000851572
6535,0.488863,0.000790499
6540,0.488681,0.000850936
6545,0.48862,0.00085083
6550,0.488376,0.000911093
6555,0.488073,0.000910526
6560,0.487769,0.000970563
6565,0.487283,0.000909054
6570,0.486617,0.00090781
6575,0.486253,0.000786279
6580,0.486435,0.000847026
6585,0.486859,0.000847764
6590,0.487283,0.000787945
6595,0.487526,0.000727741
6600,0.487344,0.000788043
6605,0.48692,0.000787356
6610,0.487101,0.000908714
6615,0.487162,0.000908828
6620,0.48692,0.000908375
6625,0.48698,0.000908488
6630,0.486738,0.000847553
6635,0.486011,0.00072548
6640,0.484803,0.000723676
6645,0.484561,0.000783543
6650,0.484561,0.000783543
6655,0.48426,0.000783056
6660,0.483477,0.000781789
6665,0.482875,0.000840827
6670,0.482154,0.000899486
6675,0.481135,0.000837797
6680,0.480357,0.000776745
6685,0.480656,0.000896691
6690,0.480656,0.00101612
6695,0.480297,0.000955696
6700,0.480238,0.000955577
6705,0.480656,0.00107583
6710,0.480836,0.00113595
6715,0.480656,0.00107583
6720,0.480178,0.000955458
6725,0.480238,0.00107489
6730,0.479879,0.00107409
6735,0.479342,0.00101334
6740,0.478626,0.000952371
6745,0.477852,0.00089146
6750,0.477317,0.000831149
6755,0.476961,0.000830528
6760,0.476427,0.000711173
6765,0.477258,0.000831045
6770,0.477495,0.000831459
6775,0.477258,0.000771733
6780,0.476723,0.000711616
6785,0.476367,0.000829495
6790,0.475715,0.00082836
6795,0.474887,0.000826918
6800,0.47406,0.000766563
6805,0.473411,0.000706672
6810,0.47294,0.000705969
6815,0.47406,0.000766563
6820,0.474592,0.000826403
6825,0.474592,0.000826403
6830,0.474533,0.000767327
6835,0.474178,0.000707817
6840,0.474473,0.000767231
6845,0.474119,0.000766658
6850,0.47347,0.000647904
6855,0.473294,0.000706496
6860,0.472881,0.000764657
6865,0.472646,0.000764276
6870,0.472881,0.000823425
6875,0.473117,0.000823835
6880,0.47294,0.000764752
6885,0.472234,0.000704915
6890,0.471764,0.00076285
6895,0.471001,0.000703074
6900,0.47065,0.000761048
6905,0.470591,0.000760953
6910,0.470357,0.000819029
6915,0.47024,0.000818825
6920,0.470298,0.000818927
6925,0.470298,0.00076048
6930,0.47024,0.000818825
6935,0.470064,0.000818519
6940,0.469655,0.000817807
6945,0.469187,0.000816992
6950,0.46837,0.00087377
6955,0.467904,0.000872901
6960,0.467729,0.000872575
6965,0.467729,0.000872575
6970,0.467613,0.000930457
6975,0.467438,0.000872032
6980,0.467206,0.000871598
6985,0.467031,0.000871272
6990,0.466857,0.000928952
6995,0.466566,0.000928374
7000,0.46616,0.000927566
7005,0.465406,0.000868241
7010,0.465001,0.000867484
7015,0.464596,0.000924453
7020,0.464191,0.000923648
7025,0.463729,0.000922729
7030,0.463325,0.000921925
7035,0.463037,0.00086382
7040,0.46321,0.000864143
7045,0.46344,0.000806986
7050,0.463383,0.000864466
7055,0.463383,0.000864466
7060,0.463671,0.000865004
7065,0.463671,0.000865004
7070,0.463325,0.000864358
7075,0.463267,0.000864251
7080,0.463498,0.000864681
7085,0.46344,0.000806986
7090,0.463094,0.000806383
7095,0.463325,0.000806785
7100,0.463383,0.00092204
7105,0.463325,0.000979484
7110,0.463383,0.000979606
7115,0.463671,0.000865004
7120,0.464018,0.00086565
7125,0.464307,0.000808494
7130,0.465116,0.000809904
7135,0.465406,0.000810408
7140,0.46529,0.000810207
7145,0.464885,0.000867268
7150,0.464307,0.000923878
7155,0.463498,0.000922269
7160,0.462058,0.000919403
7165,0.460507,0.000973528
7170,0.459191,0.00102778
7175,0.458505,0.00114013
7180,0.457878,0.00113857
7185,0.457593,0.00113787
7190,0.457707,0.00119498
7195,0.457878,0.00125228
7200,0.457992,0.00119573
7205,0.458049,0.00119588
7210,0.458049,0.00108212
7215,0.458106,0.000968451
7220,0.458334,0.000968933
7225,0.458619,0.000912562
7230,0.458619,0.000912562
7235,0.458391,0.000798193
7240,0.458106,0.000797697
7245,0.457707,0.000797002
7250,0.456853,0.000852285
7255,0.455887,0.000850483
7260,0.455093,0.000792451
7265,0.454358,0.00079117
7270,0.453397,0.000789497
7275,0.452495,0.000787926
7280,0.45227,0.000843734
7285,0.452326,0.000900039
7290,0.452213,0.000899815
7295,0.452044,0.000899479
7300,0.452101,0.000843419
7305,0.452044,0.000787142
7310,0.451763,0.000842789
7315,0.451201,0.00084174
7320,0.450471,0.000840379
7325,0.449743,0.00083902
7330,0.449239,0.000838081
7335,0.448792,0.000837247
7340,0.448346,0.000836413
7345,0.448122,0.000780312
7350,0.448457,0.000836622
7355,0.449016,0.000893452
7360,0.449407,0.000894231
7365,0.449463,0.00095018
7370,0.449239,0.000949707
7375,0.448904,0.000948998
7380,0.448792,0.000948762
7385,0.448904,0.00089323
7390,0.449072,0.000893564
7395,0.449351,0.00089412
7400,0.449743,0.00083902
7405,0.449967,0.000783525
7410,0.449687,0.000838916
7415,0.448848,0.000837351
7420,0.447398,0.000834645
7425,0.445619,0.000886694
7430,0.443958,0.000883388
7435,0.442578,0.000825654
7440,0.441863,0.000824319
7445,0.441643,0.000878782
7450,0.441753,0.000879
7455,0.441863,0.000824319
7460,0.441588,0.000823806
7465,0.441148,0.000877798
7470,0.440819,0.000931906
7475,0.440599,0.000876706
7480,0.440161,0.000875833
7485,0.439777,0.00087507
7490,0.439449,0.000874417
7495,0.43923,0.000873981
7500,0.439121,0.000873764
7505,0.438902,0.000873329
7510,0.438193,0.000871917
7515,0.437266,0.000870073
7520,0.436722,0.000868991
7525,0.436451,0.00086845
7530,0.436505,0.000868558
7535,0.436885,0.000869315
7540,0.437648,0.000870832
7545,0.438411,0.000872351
7550,0.438575,0.000872677
7555,0.438247,0.000872025
7560,0.437539,0.000816252
7565,0.436559,0.000760178
7570,0.43542,0.000812299
7575,0.434337,0.000810279
7580,0.433419,0.000862417
7585,0.432664,0.000860915
7590,0.43191,0.000805753
7595,0.431373,0.000751147
7600,0.431319,0.00080465
7605,0.431373,0.00080475
7610,0.43089,0.000803849
7615,0.430193,0.000855999
7620,0.429551,0.000854722
7625,0.429177,0.000747323
7630,0.429124,0.000800554
7635,0.42923,0.000854084
7640,0.429284,0.00090752
7645,0.429337,0.000854296
7650,0.429337,0.000854296
7655,0.429177,0.000800653
7660,0.428696,0.000853021
7665,0.428003,0.000904813
7670,0.427258,0.000956309
7675,0.426514,0.000954644
7680,0.425718,0.000952863
7685,0.42503,0.000898527
7690,0.424395,0.000844463
7695,0.423868,0.000790748
7700,0.423551,0.000842783
7705,0.423287,0.000842258
7710,0.423182,0.000894621
7715,0.423077,0.000841839
7720,0.422971,0.000841629
7725,0.422813,0.000841315
7730,0.422656,0.000841001
7735,0.422498,0.000840687
7740,0.422287,0.00089273
7745,0.422077,0.000892285
7750,0.421972,0.000839641
7755,0.421867,0.000787016
7760,0.421605,0.00083891
7765,0.421342,0.000838388
7770,0.421395,0.000838492
7775,0.421605,0.000786527
7780,0.42171,0.000786723
7785,0.4215,0.000786331
7790,0.420766,0.000784962
7795,0.419772,0.000783107
7800,0.41951,0.000834743
7805,0.41951,0.00078262
7810,0.419719,0.00078301
7815,0.419876,0.000731128
7820,0.419772,0.000783107
7825,0.419563,0.000730582
7830,0.419249,0.000782133
7835,0.418936,0.000781549
7840,0.418363,0.000780479
7845,0.417791,0.000779411
7850,0.417427,0.000830596
7855,0.417167,0.000778248
7860,0.416959,0.000829666
7865,0.416596,0.000828944
7870,0.416026,0.000879493
7875,0.415405,0.000826574
7880,0.414992,0.000877306
7885,0.414785,0.000876869
7890,0.415095,0.000825957
7895,0.415819,0.000724063
7900,0.416544,0.000777086
7905,0.417219,0.000778345
7910,0.417427,0.000778733
7915,0.417271,0.000726591
7920,0.416907,0.000829563
7925,0.416181,0.000879821
7930,0.41525,0.000877852
7935,0.414217,0.00082421
7940,0.413239,0.000822263
7945,0.41293,0.000821649
7950,0.412519,0.000820831
7955,0.412006,0.000870994
7960,0.411391,0.000869694
7965,0.410777,0.000817365
7970,0.410164,0.000765183
7975,0.409653,0.000713327
7980,0.409297,0.000763565
7985,0.408991,0.000762995
7990,0.409144,0.000712439
7995,0.409144,0.000814115
8000,0.408686,0.00091474
8005,0.408279,0.000964538
8010,0.407669,0.00101372
8015,0.40701,0.00106262
8020,0.406403,0.00111149
8025,0.405796,0.00105945
8030,0.405241,0.001058
8035,0.404989,0.00110763
8040,0.404686,0.00115704
8045,0.404283,0.00115588
8050,0.403931,0.00115488
8055,0.40363,0.00115402
8060,0.403378,0.0011533
8065,0.403127,0.00115258
8070,0.402977,0.00115215
8075,0.402877,0.00110185
8080,0.402877,0.00105183
8085,0.403027,0.00100218
8090,0.403529,0.00100343
8095,0.403881,0.0010043
8100,0.403982,0.00100455
8105,0.403881,0.0010043
8110,0.403579,0.00100355
8115,0.403378,0.000902861
8120,0.40378,0.000853605
8125,0.404032,0.000753744
8130,0.403881,0.000753462
8135,0.403479,0.000752712
8140,0.40368,0.000753087
8145,0.404132,0.000753931
8150,0.403982,0.000803843
8155,0.403529,0.000752806
8160,0.402927,0.000801744
8165,0.402175,0.000850211
8170,0.401475,0.000848731
8175,0.400676,0.000847042
8180,0.399779,0.000845146
8185,0.398884,0.000892802
8190,0.398289,0.000891469
8195,0.397843,0.000841053
8200,0.397299,0.000839902
8205,0.396854,0.000838962
8210,0.396459,0.000838126
8215,0.396064,0.000788089
8220,0.395818,0.000836771
8225,0.39567,0.000836459
8230,0.395719,0.000836563
8235,0.395768,0.0007875
8240,0.395916,0.000787794
8245,0.396163,0.000739063
8250,0.396113,0.000738971
8255,0.396015,0.000689578
8260,0.39636,0.000690179
8265,0.397002,0.000740629
8270,0.397348,0.000741275
8275,0.397299,0.000741182
8280,0.397051,0.000740721
8285,0.396903,0.000789758
8290,0.396705,0.000740076
8295,0.396459,0.000690351
8300,0.396212,0.000739155
8305,0.395916,0.00083698
8310,0.395768,0.0007875
8315,0.395571,0.00073796
8320,0.395227,0.000737317
8325,0.394833,0.000736583
8330,0.394293,0.00068658
8335,0.394097,0.000686238
8340,0.393851,0.000685811
8345,0.393166,0.000684617
8350,0.392628,0.000634885
8355,0.39253,0.000634727
8360,0.392481,0.000634648
8365,0.391944,0.00063378
8370,0.391749,0.00068215
8375,0.391213,0.000681216
8380,0.390483,0.000679945
8385,0.389852,0.00072729
8390,0.389173,0.000726023
8395,0.388592,0.000676652
8400,0.388447,0.000676399
8405,0.38777,0.000675222
8410,0.387143,0.000722237
8415,0.386421,0.000672872
8420,0.385748,0.000671701
8425,0.385268,0.000622985
8430,0.384502,0.000717309
8435,0.384406,0.000764891
8440,0.384406,0.000764891
8445,0.38431,0.000716952
8450,0.383928,0.000716238
8455,0.383259,0.000714991
8460,0.382973,0.000666868
8465,0.38283,0.000619042
8470,0.383068,0.000714635
8475,0.383021,0.000714546
8480,0.382687,0.000713924
8485,0.382306,0.000665707
8490,0.382449,0.00071348
8495,0.382878,0.000714279
8500,0.383211,0.000667283
8505,0.383259,0.000619736
8510,0.383021,0.000714546
8515,0.382782,0.000761661
8520,0.382401,0.000713391
8525,0.382068,0.000665293
8530,0.382401,0.000665873
8535,0.382592,0.000666204
8540,0.381926,0.000665044
8545,0.380834,0.000663143
8550,0.380218,0.000662071
8555,0.379839,0.000661412
8560,0.379697,0.000708347
8565,0.379556,0.000708082
8570,0.37965,0.000708258
8575,0.379697,0.000661165
8580,0.379603,0.000661
8585,0.379367,0.000660589
8590,0.378706,0.000659438
8595,0.37767,0.000610699
8600,0.376872,0.000703076
8605,0.376356,0.000748874
8610,0.375935,0.000748036
8615,0.375935,0.000748036
8620,0.376028,0.000701502
8625,0.376075,0.000654857
8630,0.375748,0.000747663
8635,0.37528,0.000746733
8640,0.374673,0.000698974
8645,0.374114,0.000697931
8650,0.373695,0.000697149
8655,0.373463,0.000743117
8660,0.373277,0.000696368
8665,0.373137,0.000649742
8670,0.373416,0.000696629
8675,0.373742,0.000743672
8680,0.373835,0.000743857
8685,0.373742,0.000697236
8690,0.373788,0.000650875
8695,0.373742,0.000650794
8700,0.37337,0.000650146
8705,0.373184,0.000603444
8710,0.373184,0.000603444
8715,0.373184,0.000603444
8720,0.372905,0.000695675
8725,0.37258,0.000741361
8730,0.372349,0.000694637
8735,0.372441,0.000648529
8740,0.37258,0.000695069
8745,0.372627,0.000741453
8750,0.372534,0.000694983
8755,0.372395,0.000694723
8760,0.372395,0.000694723
8765,0.37221,0.000694377
8770,0.371978,0.000693945
8775,0.371423,0.000692909
8780,0.370868,0.000691875
8785,0.37073,0.000737679
8790,0.370499,0.000783247
8795,0.370222,0.000782662
8800,0.370038,0.000736303
8805,0.370084,0.000736394
8810,0.369992,0.000782175
8815,0.369762,0.000689811
8820,0.369532,0.000643463
8825,0.369946,0.000644184
8830,0.370637,0.000737495
8835,0.371192,0.000692478
8840,0.371515,0.000693082
8845,0.371561,0.000646997
8850,0.371376,0.000692823
8855,0.371284,0.000738782
8860,0.371053,0.000738322
8865,0.370499,0.000691186
8870,0.370038,0.000644345
8875,0.369762,0.000597911
8880,0.370084,0.000644425
8885,0.370637,0.000691445
8890,0.370822,0.000691789
8895,0.370637,0.000691445
8900,0.370269,0.000690756
8905,0.370176,0.000690584
8910,0.370269,0.000644746
8915,0.370545,0.000645228
8920,0.370914,0.000738046
8925,0.371192,0.000784711
8930,0.371145,0.000784613
8935,0.370914,0.000738046
8940,0.370961,0.000738138
8945,0.371053,0.000738322
8950,0.370961,0.000692047
8955,0.37073,0.000599476
8960,0.370684,0.000599401
8965,0.370868,0.0005997
8970,0.37073,0.000691617
8975,0.370315,0.000690842
8980,0.369624,0.000689554
8985,0.36921,0.000734655
8990,0.368705,0.000733649
8995,0.367925,0.000686385
9000,0.366873,0.00059324
9005,0.366599,0.000638357
9010,0.36546,0.000590955
9015,0.364688,0.000635028
9020,0.364234,0.000634238
9025,0.3636,0.000587946
9030,0.362876,0.000631874
9035,0.361929,0.000630224
9040,0.361749,0.000674862
9045,0.361794,0.000719898
9050,0.362154,0.000720615
9055,0.362425,0.000721153
9060,0.36247,0.000676208
9065,0.362605,0.00067646
9070,0.362605,0.000721513
9075,0.36247,0.000766273
9080,0.362335,0.000720974
9085,0.362199,0.000675703
9090,0.361704,0.000719718
9095,0.361254,0.000673939
9100,0.361344,0.000674106
9105,0.361524,0.000674442
9110,0.361569,0.000674526
9115,0.361524,0.000629518
9120,0.361434,0.000674274
9125,0.361029,0.000673519
9130,0.360221,0.000672012
9135,0.359594,0.000626158
9140,0.359236,0.000625534
9145,0.358878,0.000624912
9150,0.35861,0.000758113
9155,0.358521,0.000846987
9160,0.358521,0.00089151
9165,0.358655,0.000936376
9170,0.358878,0.000892398
9175,0.359236,0.000893287
9180,0.359459,0.000849204
9185,0.359549,0.000894066
9190,0.359549,0.000849415
9195,0.359504,0.00084931
9200,0.359414,0.000849098
9205,0.359236,0.000848675
9210,0.359101,0.000848359
9215,0.359101,0.000892954
9220,0.359236,0.000937893
9225,0.359414,0.000982983
9230,0.359459,0.000983105
9235,0.35937,0.00098286
9240,0.359191,0.00102696
9245,0.359012,0.00102645
9250,0.358744,0.00102568
9255,0.358432,0.00102479
9260,0.358164,0.000979562
9265,0.357941,0.000934513
9270,0.357674,0.000889403
9275,0.357407,0.000844355
9280,0.35714,0.000799368
9285,0.356829,0.000798671
9290,0.356518,0.000797976
9295,0.356207,0.000753034
9300,0.355809,0.000752191
9305,0.355454,0.000795595
9310,0.355189,0.000839116
9315,0.354968,0.000882675
9320,0.354791,0.000838176
9325,0.354571,0.000793617
9330,0.354262,0.000748921
9335,0.353953,0.000704296
9340,0.354129,0.000704647
9345,0.354571,0.000749574
9350,0.354747,0.000794012
9355,0.354747,0.000749947
9360,0.355145,0.000750788
9365,0.355543,0.00070746
9370,0.355454,0.000707284
9375,0.355233,0.000750975
9380,0.355233,0.0007951
9385,0.355366,0.000795397
9390,0.355454,0.000795595
9395,0.355366,0.000795397
9400,0.354747,0.000749947
9405,0.353997,0.000660401
9410,0.353777,0.000703946
9415,0.353733,0.000703858
9420,0.353513,0.00070342
9425,0.353249,0.000702895
9430,0.352765,0.000745758
9435,0.352195,0.000744552
9440,0.351844,0.000787515
9445,0.351582,0.000830594
9450,0.35145,0.000786633
9455,0.351407,0.000742885
9460,0.351232,0.000698882
9465,0.350838,0.000698099
9470,0.350184,0.000653287
9475,0.349618,0.00069567
9480,0.349183,0.000694804
9485,0.348748,0.00069394
9490,0.348271,0.00069299
9495,0.347795,0.000735249
9500,0.347492,0.000734609
9505,0.347362,0.000691181
9510,0.347405,0.000691267
9515,0.347448,0.000691353
9520,0.347146,0.000690751
9525,0.346541,0.000689548
9530,0.345593,0.000687662
9535,0.344605,0.00064288
9540,0.343535,0.000683566
9545,0.342424,0.000681357
9550,0.341233,0.000678986
9555,0.340512,0.000677551
9560,0.339749,0.000633821
9565,0.339411,0.00063319
9570,0.339454,0.000675445
9575,0.339749,0.000718241
9580,0.339707,0.000718152
9585,0.339496,0.000675529
9590,0.339538,0.000717794
9595,0.339496,0.000717705
9600,0.339242,0.000675025
9605,0.338989,0.000674521
9610,0.338905,0.000716455
9615,0.338862,0.000758458
9620,0.338905,0.000758553
9625,0.33882,0.000716277
9630,0.338609,0.000715831
9635,0.338357,0.000715297
9640,0.338357,0.000673262
9645,0.338525,0.000673598
9650,0.338694,0.000673933
9655,0.338567,0.000715742
9660,0.338399,0.000715386
9665,0.338272,0.000715119
9670,0.338188,0.000756949
9675,0.338062,0.000756666
9680,0.337809,0.000798057
9685,0.337473,0.000797263
9690,0.337221,0.000796668
9695,0.336969,0.000754221
9700,0.336508,0.00071139
9705,0.33609,0.000668752
9710,0.335797,0.000668169
9715,0.335797,0.000668169
9720,0.336048,0.000710416
9725,0.336215,0.00071077
9730,0.336132,0.000710593
9735,0.335839,0.000709974
9740,0.335504,0.000667587
9745,0.335254,0.000667089
9750,0.335212,0.000667006
9755,0.335296,0.000625513
9760,0.335296,0.000625513
9765,0.335171,0.000625279
9770,0.335004,0.00058334
9775,0.334712,0.000624423
9780,0.334587,0.000665762
9785,0.334504,0.000707152
9790,0.33442,0.000790051
9795,0.334337,0.000831374
9800,0.334254,0.000789657
9805,0.334337,0.000831374
9810,0.334379,0.000831477
9815,0.334379,0.000831477
9820,0.334254,0.000748143
9825,0.334212,0.000706536
9830,0.334212,0.00074805
9835,0.334171,0.000706448
9840,0.334212,0.000665016
9845,0.334254,0.000623569
9850,0.334545,0.000624113
9855,0.334629,0.000707416
9860,0.334504,0.000665596
9865,0.33442,0.00066543
9870,0.334171,0.000664933
9875,0.334337,0.000665264
9880,0.334587,0.000665762
9885,0.33442,0.00066543
9890,0.333921,0.000664437
9895,0.33363,0.000663858
9900,0.333547,0.000663693
9905,0.332966,0.000703902
9910,0.332428,0.000702764
9915,0.331973,0.000784269
9920,0.331601,0.000865746
9925,0.331354,0.000906238
9930,0.331148,0.000905674
9935,0.330942,0.000864023
9940,0.330777,0.000863593
9945,0.330653,0.00086327
9950,0.330489,0.000862841
9955,0.330365,0.00073944
9960,0.330201,0.000616008
9965,0.329913,0.000492469
9970,0.329667,0.000492101
9975,0.329585,0.000573904
9980,0.329585,0.000573904
9985,0.330036,0.000615701
9990,0.330571,0.000616698
9995,0.330983,0.00065859
10000,0.331148,0.000617774
10005,0.330942,0.000658508
10010,0.330653,0.000699012
10015,0.330406,0.000575334
10020,0.330365,0.000575263
10025,0.330571,0.000657771
10030,0.330777,0.00065818
10035,0.330777,0.00065818
10040,0.330448,0.000616468
10045,0.329995,0.000533608
10050,0.329995,0.000533608
10055,0.33016,0.000574905
10060,0.330489,0.000575478
10065,0.331106,0.000617697
10070,0.331478,0.00061839
10075,0.33156,0.000659739
10080,0.331601,0.000659821
10085,0.331684,0.000659985
10090,0.331725,0.000618852
10095,0.331767,0.000577703
10100,0.332014,0.000536873
10105,0.332138,0.00057835
10110,0.331973,0.000660561
10115,0.331601,0.000659821
10120,0.330983,0.000576338
10125,0.330818,0.000658262
10130,0.330736,0.000658098
10135,0.33053,0.000616622
10140,0.330489,0.000616545
10145,0.330489,0.000657607
10150,0.330242,0.000698142
10155,0.329749,0.000656135
10160,0.329175,0.00057319
10165,0.32897,0.000654585
10170,0.328724,0.000613253
10175,0.328234,0.000612338
10180,0.327703,0.000611348
10185,0.327254,0.000691827
10190,0.326847,0.000690966
10195,0.326359,0.00064939
10200,0.325751,0.000607706
10205,0.325345,0.00060695
10210,0.325143,0.000606572
10215,0.325062,0.000566028
10220,0.3249,0.000565746
10225,0.324334,0.000605064
10230,0.323568,0.000603634
10235,0.322804,0.000562096
10240,0.322121,0.000560908
10245,0.3214,0.00059959
10250,0.320561,0.000598025
10255,0.320003,0.000596983
10260,0.319724,0.000596463
10265,0.319525,0.000596092
10270,0.319287,0.000595647
10275,0.319048,0.000595202
10280,0.31885,0.000634448
10285,0.318731,0.000673807
10290,0.318612,0.000633974
10295,0.318374,0.000593944
10300,0.317938,0.000593131
10305,0.317464,0.000592246
10310,0.317424,0.000631611
10315,0.31774,0.000711182
10320,0.317938,0.000711625
10325,0.318057,0.000672383
10330,0.318136,0.000633028
10335,0.318215,0.000633186
10340,0.318097,0.000672467
10345,0.317899,0.000672048
10350,0.317899,0.000632555
10355,0.318136,0.00067255
10360,0.318334,0.000712511
10365,0.318374,0.0007126
10370,0.318176,0.000672634
10375,0.317938,0.000672132
10380,0.31782,0.000671881
10385,0.31774,0.000671714
10390,0.317622,0.000671463
10395,0.317503,0.000671212
10400,0.317385,0.000710386
10405,0.317227,0.000670627
10410,0.31695,0.000630668
10415,0.316635,0.000551354
10420,0.316477,0.000629727
10425,0.31632,0.00066871
10430,0.316083,0.000707473
10435,0.315847,0.000706945
10440,0.315494,0.000666964
10445,0.31514,0.000627067
10450,0.31518,0.000587985
10455,0.315572,0.000627926
10460,0.315887,0.000628552
10465,0.316162,0.000668377
10470,0.316438,0.00066896
10475,0.316477,0.000669043
10480,0.316241,0.000668544
10485,0.315965,0.000628709
10490,0.315612,0.000588791
10495,0.315219,0.000588058
10500,0.314866,0.000626521
10505,0.314553,0.000664974
10510,0.3142,0.00066423
10515,0.31377,0.000663321
10520,0.313458,0.000662661
10525,0.313224,0.000623254
10530,0.313263,0.000623331
10535,0.313419,0.000623642
10540,0.313458,0.000623719
10545,0.313419,0.000623642
10550,0.313341,0.000662413
10555,0.313224,0.000623254
10560,0.31299,0.000622788
10565,0.312756,0.000661177
10570,0.312406,0.000660437
10575,0.311901,0.000659369
10580,0.311513,0.000658549
10585,0.311087,0.000657648
10590,0.310506,0.000579267
10595,0.310352,0.000578979
10600,0.310275,0.000617385
10605,0.309966,0.000578258
10610,0.309542,0.000500534
10615,0.309734,0.000577826
10620,0.310082,0.000655523
10625,0.310391,0.000579051
10630,0.310584,0.000579411
10635,0.310816,0.000579844
10640,0.310816,0.000618462
10645,0.310661,0.000579555
10650,0.310352,0.000540414
10655,0.309889,0.000578114
10660,0.30958,0.000616003
10665,0.309388,0.000577179
10670,0.30931,0.000615467
10675,0.309233,0.000615313
10680,0.309118,0.000615084
10685,0.308887,0.000576246
10690,0.308772,0.000614395
10695,0.308541,0.000575601
10700,0.308157,0.000574885
10705,0.307889,0.000650888
10710,0.307621,0.000726739
10715,0.307315,0.000802338
10720,0.307162,0.00091633
10725,0.306971,0.000953857
10730,0.306818,0.000953382
10735,0.306589,0.00102876
10740,0.30636,0.001066
10745,0.306093,0.00106507
10750,0.305864,0.00106427
10755,0.305636,0.000987637
10760,0.30537,0.000910984
10765,0.305142,0.000758776
10770,0.304952,0.000758304
10775,0.304762,0.000719985
10780,0.304686,0.000757643
10785,0.304535,0.000757266
10790,0.304118,0.000718463
10795,0.303702,0.000642035
10800,0.303513,0.000679337
10805,0.303437,0.000679168
10810,0.303362,0.000754349
10815,0.303286,0.000754161
10820,0.303248,0.000678745
10825,0.303211,0.000716319
10830,0.303173,0.00071623
10835,0.303135,0.000603179
10840,0.303211,0.000565656
10845,0.303286,0.00052811
10850,0.303551,0.00052857
10855,0.303891,0.000566925
10860,0.303815,0.000604532
10865,0.303437,0.000566079
10870,0.302947,0.000640439
10875,0.30257,0.000639642
10880,0.302306,0.000563969
10885,0.30208,0.00052601
10890,0.301968,0.000600856
10895,0.301855,0.000600631
10900,0.301817,0.000638052
10905,0.30178,0.000675458
10910,0.301742,0.00071285
10915,0.301742,0.00071285
10920,0.301892,0.00067571
10925,0.302156,0.000638767
10930,0.302344,0.000601604
10935,0.302419,0.000489016
10940,0.302419,0.000489016
10945,0.302645,0.000564601
10950,0.303097,0.000565445
10955,0.303475,0.000603855
10960,0.30374,0.000642115
10965,0.303929,0.000604758
10970,0.304194,0.000605285
10975,0.304383,0.000643476
10980,0.304497,0.000719358
10985,0.304535,0.000757266
10990,0.304421,0.000832578
10995,0.304307,0.000832267
11000,0.304156,0.000756324
11005,0.303891,0.000755665
11010,0.303551,0.000717122
11015,0.303551,0.000717122
11020,0.30374,0.000717569
11025,0.303966,0.000642595
11030,0.304231,0.00060536
11035,0.304573,0.00053035
11040,0.304724,0.000530614
11045,0.304724,0.000530614
11050,0.304686,0.000568409
11055,0.304648,0.00060619
11060,0.304459,0.000567985
11065,0.303891,0.000529163
11070,0.303211,0.000527979
11075,0.302645,0.000526994
11080,0.302381,0.000526535
11085,0.302005,0.000563407
11090,0.30178,0.000562987
11095,0.301629,0.000562706
11100,0.301329,0.000562146
11105,0.300954,0.000598839
11110,0.30073,0.000561028
11115,0.300805,0.000561167
11120,0.300842,0.000598616
11125,0.300692,0.000673024
11130,0.300505,0.000635278
11135,0.300356,0.00056033
11140,0.300169,0.000559981
11145,0.300019,0.000522421
11150,0.299982,0.000559633
11155,0.299944,0.00059683
11160,0.29987,0.000633935
11165,0.299646,0.000633461
11170,0.299348,0.000595642
11175,0.298864,0.000557547
11180,0.298417,0.000519632
11185,0.29812,0.000519115
11190,0.297824,0.000481586
11195,0.297564,0.000555123
11200,0.296935,0.000590842
11205,0.296271,0.00058952
11210,0.295976,0.000625702
11215,0.295571,0.000661561
11220,0.295276,0.000697575
11225,0.294946,0.000696794
11230,0.294579,0.000622749
11235,0.294139,0.000585279
11240,0.293554,0.000620583
11245,0.29297,0.000619348
11250,0.29235,0.000545396
11255,0.291987,0.000472147
11260,0.291805,0.000471853
11265,0.291551,0.000471442
11270,0.290971,0.000506665
11275,0.290645,0.000542214
11280,0.290609,0.000578254
11285,0.290573,0.000650374
11290,0.2905,0.000722367
11295,0.290392,0.000686036
11300,0.2905,0.000686292
11305,0.290464,0.000722278
11310,0.290319,0.000757967
11315,0.290139,0.000721469
11320,0.289922,0.00072093
11325,0.289706,0.000648433
11330,0.289453,0.000647869
11335,0.289345,0.000611685
11340,0.289273,0.000683393
11345,0.289201,0.000755047
11350,0.289129,0.000790756
11355,0.289021,0.000790461
11360,0.288877,0.000790067
11365,0.288734,0.000717975
11370,0.288662,0.00061024
11375,0.288877,0.000574809
11380,0.289165,0.000611305
11385,0.289165,0.000611305
11390,0.288913,0.00057488
11395,0.28841,0.000573879
11400,0.287872,0.000572809
11405,0.287443,0.000607663
11410,0.287049,0.000606831
11415,0.286799,0.000606303
11420,0.286763,0.000641848
11425,0.286835,0.000606378
11430,0.287013,0.0005711
11435,0.287121,0.000571313
11440,0.287192,0.000571455
11445,0.287264,0.000571598
11450,0.287264,0.000571598
11455,0.287407,0.000607587
11460,0.287478,0.000607739
11465,0.287443,0.000607663
11470,0.287335,0.00057174
11475,0.287156,0.000607058
11480,0.287013,0.000606756
11485,0.287085,0.000642567
11490,0.287121,0.000606983
11495,0.286978,0.000571029
11500,0.286763,0.000534973
11505,0.286407,0.000534308
11510,0.286193,0.000569467
11515,0.286122,0.000569325
11520,0.286335,0.000605322
11525,0.286728,0.000606152
11530,0.286942,0.000570958
11535,0.286978,0.000571029
11540,0.286942,0.000570958
11545,0.286978,0.000571029
11550,0.287013,0.000606756
11555,0.287228,0.000607209
11560,0.287335,0.000607436
11565,0.287478,0.000643448
11570,0.287514,0.000607814
11575,0.287478,0.000607739
11580,0.28755,0.00060789
11585,0.28755,0.00060789
11590,0.287514,0.000607814
11595,0.287371,0.000607512
11600,0.287049,0.000606831
11605,0.286656,0.000641608
11610,0.2863,0.00064081
11615,0.285979,0.000604569
11620,0.285695,0.000568475
11625,0.28541,0.000603366
11630,0.285233,0.000567556
11635,0.285268,0.000567627
11640,0.285233,0.000567556
11645,0.285055,0.000531786
11650,0.284878,0.000531455
11655,0.284771,0.000566638
11660,0.284807,0.000566709
11665,0.284949,0.000602391
11670,0.285162,0.000602841
11675,0.285481,0.000638978
11680,0.285695,0.000603968
11685,0.28573,0.000604043
11690,0.285623,0.000639296
11695,0.285446,0.000674351
11700,0.285197,0.00070918
11705,0.284913,0.000708475
11710,0.2847,0.000707946
11715,0.284488,0.000707417
11720,0.284346,0.000707065
11725,0.28424,0.000671503
11730,0.28424,0.0006362
11735,0.284346,0.000636438
11740,0.284452,0.000636675
11745,0.284452,0.000636675
11750,0.28424,0.000706801
11755,0.283922,0.000706009
11760,0.283569,0.000740342
11765,0.283216,0.000704254
11770,0.282934,0.000668417
11775,0.282793,0.000703203
11780,0.282793,0.000703203
11785,0.282828,0.000738409
11790,0.282863,0.000738501
11795,0.282863,0.000703378
11800,0.282828,0.00070329
11805,0.282723,0.000667918
11810,0.282582,0.000632488
11815,0.282406,0.00066717
11820,0.28216,0.000666589
11825,0.281844,0.000700843
11830,0.281599,0.000735198
11835,0.281318,0.000734467
11840,0.281108,0.000768819
11845,0.280898,0.000837981
11850,0.280794,0.000837668
11855,0.280794,0.000907361
11860,0.280863,0.000942435
11865,0.281003,0.00101262
11870,0.281143,0.001048
11875,0.281318,0.00104865
11880,0.281458,0.00104917
11885,0.281599,0.00101477
11890,0.281704,0.000980204
11895,0.281809,0.000945608
11900,0.281879,0.000945844
11905,0.281914,0.000945961
11910,0.281949,0.000911096
11915,0.281949,0.000911096
11920,0.281914,0.000875999
11925,0.281844,0.000910756
11930,0.281739,0.000945373
11935,0.281634,0.0010149
11940,0.281493,0.00108421
11945,0.281353,0.00118832
11950,0.281178,0.00129213
